{"cameraMode":{"drawMode":0,"name":"Shaded","section":"Shading Mode"},"sceneLighting":false,"audioPlay":false,"sceneViewState":{"showFog":true,"showMaterialUpdate":false,"showSkybox":true,"showFlares":true,"showImageEffects":true,"showParticleSystems":true},"in2DMode":false,"pivot":{"x":-0.2818616032600403,"y":0.9557781219482422,"z":-0.41227486729621889},"rotation":{"x":0.09790011495351792,"y":-0.7760133147239685,"z":0.12443709373474121,"w":0.6105197072029114},"size":3.242548942565918,"orthographic":false}