{"cameraMode":{"drawMode":0,"name":"Shaded","section":"Shading Mode"},"sceneLighting":true,"audioPlay":false,"sceneViewState":{"showFog":true,"showMaterialUpdate":false,"showSkybox":true,"showFlares":true,"showImageEffects":true,"showParticleSystems":true},"in2DMode":false,"pivot":{"x":-14.078181266784668,"y":5.738718032836914,"z":23.473834991455079},"rotation":{"x":0.12367880344390869,"y":-0.8621105551719666,"z":0.2531629800796509,"w":0.42116209864616396},"size":10.03656005859375,"orthographic":false}