{"cameraMode":{"drawMode":0,"name":"Shaded","section":"Shading Mode"},"sceneLighting":false,"audioPlay":false,"sceneViewState":{"showFog":true,"showMaterialUpdate":false,"showSkybox":true,"showFlares":true,"showImageEffects":true,"showParticleSystems":true},"in2DMode":false,"pivot":{"x":2.2362990379333498,"y":1.0476348400115967,"z":3.062215805053711},"rotation":{"x":0.06709493696689606,"y":0.3600206673145294,"z":-0.025972241535782815,"w":0.9301660060882568},"size":5.584710597991943,"orthographic":false}