{"cameraMode":{"drawMode":0,"name":"Shaded","section":"Shading Mode"},"sceneLighting":false,"audioPlay":false,"sceneViewState":{"showFog":true,"showMaterialUpdate":false,"showSkybox":true,"showFlares":true,"showImageEffects":true,"showParticleSystems":true},"in2DMode":false,"pivot":{"x":0.3424333930015564,"y":0.1673574447631836,"z":-0.012095942161977291},"rotation":{"x":0.05160459503531456,"y":-0.09988836199045181,"z":-0.0051859221421182159,"w":-0.9936460852622986},"size":1.0638456344604493,"orthographic":false}