{"cameraMode":{"drawMode":0,"name":"Shaded","section":"Shading Mode"},"sceneLighting":false,"audioPlay":false,"sceneViewState":{"showFog":true,"showMaterialUpdate":false,"showSkybox":true,"showFlares":true,"showImageEffects":true,"showParticleSystems":true},"in2DMode":false,"pivot":{"x":40.06145095825195,"y":9.858314514160157,"z":25.985055923461915},"rotation":{"x":0.23653164505958558,"y":-0.48818841576576235,"z":0.13939031958580018,"w":0.8284294009208679},"size":113.45358276367188,"orthographic":false}