{"cameraMode":{"drawMode":0,"name":"Shaded","section":"Shading Mode"},"sceneLighting":false,"audioPlay":false,"sceneViewState":{"showFog":true,"showMaterialUpdate":false,"showSkybox":true,"showFlares":true,"showImageEffects":true,"showParticleSystems":true},"in2DMode":false,"pivot":{"x":-0.27392902970314028,"y":0.7243837714195252,"z":0.3556530475616455},"rotation":{"x":-0.028442269191145898,"y":0.06143613159656525,"z":-0.0017514183418825269,"w":-0.9977042078971863},"size":3.242548942565918,"orthographic":false}