{"cameraMode":{"drawMode":0,"name":"Shaded","section":"Shading Mode"},"sceneLighting":false,"audioPlay":false,"sceneViewState":{"showFog":true,"showMaterialUpdate":false,"showSkybox":true,"showFlares":true,"showImageEffects":true,"showParticleSystems":true},"in2DMode":false,"pivot":{"x":0.8153576254844666,"y":1.9721158742904664,"z":-1.8871771097183228},"rotation":{"x":0.059065964072942737,"y":-0.14116616547107697,"z":0.008437275886535645,"w":0.9881862998008728},"size":3.242548942565918,"orthographic":false}